K,Triton TF32,Triton IEEE,Torch,Torch Script
768.000000,11.170304,11.134975,17.641472,6.762496
1024.000000,11.286016,12.630016,17.912737,8.326144
1536.000000,11.204608,18.378752,18.288639,11.132928
2048.000000,11.185152,24.102913,19.496960,14.086144
2304.000000,11.096577,25.978880,20.728832,15.177729
3072.000000,15.219200,35.065857,26.331137,20.130816
